﻿<?xml version="1.0" encoding="utf-8"?>
<PlantModel xmlns:xsi="http://www.w3.org/2001/XMLSchema-instance" xsi:noNamespaceSchemaLocation="../XMpLantPIDProfileSchema_4_0_1_draft.xsd">
  <!--Created with INGR ISO15926 PostProc V0.0.4.6 by PPM-VM-2014-R1\Intergraph on PPM-VM-2014-R1 at 8/30/2016 10:56:30 AM-->
  <PlantInformation SchemaVersion="4.0.1" OriginatingSystem="SPPID" Date="2016-08-30" Time="08:55:13.0000000+02:00" Is3D="no" Units="Metre" Discipline="PID">
    <UnitsOfMeasure Distance="Metre" />
  </PlantInformation>
  <Extent>
    <Min X="0" Y="0" />
    <Max X="0.841" Y="0.594" />
  </Extent>
  <Drawing Name="E01-INTERGRAPH" Type="PID" Size="A1">
    <Presentation Layer="" Color="White" LineType="" LineWeight="" R="1" G="1" B="1" />
    <Extent>
      <Min X="0" Y="0" />
      <Max X="0.841" Y="0.594" />
    </Extent>
    <Label ID="SP22654392CE5E4510A82463E6FE258177" ComponentClass="DexpiLabel" ComponentName="Equipment Tag Info">
      <Position>
        <Location X="0.259946791390631" Y="0.4" Z="0" />
        <Axis X="0" Y="0" Z="1" />
        <Reference X="1" Y="0" Z="0" />
      </Position>
      <Extent>
        <Min X="0.25165070093608571" Y="0.39520908836363627" />
        <Max X="0.26824288184517664" Y="0.43000003695487976" />
      </Extent>
      <Presentation Color="Black" LineType="Solid" LineWeight="0.00035" />
      <Text Font="Intergraph ISO" Justification="CenterCenter" Width="0.004938892" Height="0.004938892" TextAngle="0" DependantAttribute="[TagNamePrefixAssignmentClass][TagNameSequenceNumberAssignmentClass]" ItemID="SP80B1E87317254ED2B14B798DEE432AE5">
        <Presentation Layer="Labels" Color="Black" LineType="Solid" LineWeight="0.00035" R="0" G="0" B="0" />
        <Extent>
          <Min X="0.25165070093608571" Y="0.39520908836363627" />
          <Max X="0.26824288184517664" Y="0.40479091163636355" />
        </Extent>
        <Position>
          <Location X="0.25994679139063115" Y="0.39999999999999991" />
          <Axis X="0" Y="0" Z="1" />
          <Reference X="1" Y="0" Z="0" />
        </Position>
      </Text>
    </Label>
    <Label ID="SP2CDB87DAA4E84ACE93B68592A6DC87BB" ComponentClass="DexpiLabel" ComponentName="Eq Tank Info">
      <Position>
        <Location X="0.200000000000001" Y="0.289518530446856" Z="0" />
        <Axis X="0" Y="0" Z="1" />
        <Reference X="1" Y="0" Z="0" />
      </Position>
      <Extent>
        <Min X="0.19999998807907105" Y="0.28951850533485413" />
        <Max X="0.33000004291534424" Y="0.36020106077194214" />
      </Extent>
      <Presentation Color="Black" LineType="Solid" LineWeight="0.00035" />
      <Line>
        <Presentation Layer="Labels" Color="Black" LineType="Solid" LineWeight="0.0005" R="0" G="0" B="0" />
        <Extent>
          <Min X="0.29999998211860657" Y="0.28951850533485413" />
          <Max X="0.30000004172325134" Y="0.32451856136322021" />
        </Extent>
        <Coordinate X="0.3000000000000006" Y="0.32451853044685647" />
        <Coordinate X="0.3000000000000006" Y="0.28951853044685649" />
      </Line>
      <Line>
        <Presentation Layer="Labels" Color="Black" LineType="Solid" LineWeight="0.00025" R="0" G="0" B="0" />
        <Extent>
          <Min X="0.19999998807907105" Y="0.29451850056648254" />
          <Max X="0.33000004291534424" Y="0.29451856017112732" />
        </Extent>
        <Coordinate X="0.20000000000000054" Y="0.2945185304468565" />
        <Coordinate X="0.33000000000000052" Y="0.2945185304468565" />
      </Line>
      <Line>
        <Presentation Layer="Labels" Color="Black" LineType="Solid" LineWeight="0.00025" R="0" G="0" B="0" />
        <Extent>
          <Min X="0.19999998807907105" Y="0.29951849579811096" />
          <Max X="0.33000004291534424" Y="0.29951855540275574" />
        </Extent>
        <Coordinate X="0.20000000000000054" Y="0.2995185304468565" />
        <Coordinate X="0.33000000000000052" Y="0.2995185304468565" />
      </Line>
      <Line>
        <Presentation Layer="Labels" Color="Black" LineType="Solid" LineWeight="0.00025" R="0" G="0" B="0" />
        <Extent>
          <Min X="0.19999998807907105" Y="0.30451849102973938" />
          <Max X="0.33000004291534424" Y="0.30451855063438416" />
        </Extent>
        <Coordinate X="0.20000000000000054" Y="0.30451853044685651" />
        <Coordinate X="0.33000000000000052" Y="0.30451853044685651" />
      </Line>
      <Line>
        <Presentation Layer="Labels" Color="Black" LineType="Solid" LineWeight="0.00025" R="0" G="0" B="0" />
        <Extent>
          <Min X="0.19999998807907105" Y="0.3095184862613678" />
          <Max X="0.33000004291534424" Y="0.30951854586601257" />
        </Extent>
        <Coordinate X="0.20000000000000054" Y="0.30951853044685651" />
        <Coordinate X="0.33000000000000052" Y="0.30951853044685651" />
      </Line>
      <Line>
        <Presentation Layer="Labels" Color="Black" LineType="Solid" LineWeight="0.00025" R="0" G="0" B="0" />
        <Extent>
          <Min X="0.19999998807907105" Y="0.3145185112953186" />
          <Max X="0.33000004291534424" Y="0.31451857089996338" />
        </Extent>
        <Coordinate X="0.20000000000000054" Y="0.31451853044685651" />
        <Coordinate X="0.33000000000000052" Y="0.31451853044685651" />
      </Line>
      <Line>
        <Presentation Layer="Labels" Color="Black" LineType="Solid" LineWeight="0.00025" R="0" G="0" B="0" />
        <Extent>
          <Min X="0.19999998807907105" Y="0.319518506526947" />
          <Max X="0.33000004291534424" Y="0.3195185661315918" />
        </Extent>
        <Coordinate X="0.20000000000000054" Y="0.31951853044685646" />
        <Coordinate X="0.33000000000000052" Y="0.31951853044685646" />
      </Line>
      <Line>
        <Presentation Layer="Labels" Color="Black" LineType="Solid" LineWeight="0.00035" R="0" G="0" B="0" />
        <Extent>
          <Min X="0.19999998807907105" Y="0.32951849699020386" />
          <Max X="0.27000004053115845" Y="0.32951855659484863" />
        </Extent>
        <Coordinate X="0.27000000000000057" Y="0.32951853044685647" />
        <Coordinate X="0.20000000000000057" Y="0.32951853044685647" />
      </Line>
      <Line>
        <Presentation Layer="Labels" Color="Black" LineType="Solid" LineWeight="0.0007" R="0" G="0" B="0" />
        <Extent>
          <Min X="0.19999998807907105" Y="0.28951850533485413" />
          <Max X="0.33000004291534424" Y="0.2895185649394989" />
        </Extent>
        <Coordinate X="0.20000000000000054" Y="0.28951853044685649" />
        <Coordinate X="0.33000000000000052" Y="0.28951853044685649" />
      </Line>
      <Line>
        <Presentation Layer="Labels" Color="Black" LineType="Solid" LineWeight="0.0007" R="0" G="0" B="0" />
        <Extent>
          <Min X="0.19999998807907105" Y="0.28951850533485413" />
          <Max X="0.20000001788139343" Y="0.33951854705810547" />
        </Extent>
        <Coordinate X="0.20000000000000054" Y="0.33951853044685648" />
        <Coordinate X="0.20000000000000054" Y="0.28951853044685649" />
      </Line>
      <Line>
        <Presentation Layer="Labels" Color="Black" LineType="Solid" LineWeight="0.0007" R="0" G="0" B="0" />
        <Extent>
          <Min X="0.19999998807907105" Y="0.33951848745346069" />
          <Max X="0.33000004291534424" Y="0.33951854705810547" />
        </Extent>
        <Coordinate X="0.33000000000000063" Y="0.33951853044685648" />
        <Coordinate X="0.20000000000000062" Y="0.33951853044685648" />
      </Line>
      <Line>
        <Presentation Layer="Labels" Color="Black" LineType="Solid" LineWeight="0.0007" R="0" G="0" B="0" />
        <Extent>
          <Min X="0.32999998331069946" Y="0.28951850533485413" />
          <Max X="0.33000004291534424" Y="0.33951854705810547" />
        </Extent>
        <Coordinate X="0.33000000000000063" Y="0.33951853044685648" />
        <Coordinate X="0.33000000000000063" Y="0.28951853044685649" />
      </Line>
      <Line>
        <Presentation Layer="Labels" Color="Black" LineType="Solid" LineWeight="0.0007" R="0" G="0" B="0" />
        <Extent>
          <Min X="0.26999998092651367" Y="0.28951850533485413" />
          <Max X="0.27000004053115845" Y="0.33951854705810547" />
        </Extent>
        <Coordinate X="0.27000000000000057" Y="0.33951853044685648" />
        <Coordinate X="0.27000000000000057" Y="0.28951853044685649" />
      </Line>
      <Line>
        <Presentation Layer="Labels" Color="Black" LineType="Solid" LineWeight="0.00025" R="0" G="0" B="0" />
        <Extent>
          <Min X="0.19999998807907105" Y="0.32451850175857544" />
          <Max X="0.33000004291534424" Y="0.32451856136322021" />
        </Extent>
        <Coordinate X="0.20000000000000054" Y="0.32451853044685647" />
        <Coordinate X="0.33000000000000052" Y="0.32451853044685647" />
      </Line>
      <Line>
        <Presentation Layer="Labels" Color="Black" LineType="Solid" LineWeight="0.0005" R="0" G="0" B="0" />
        <Extent>
          <Min X="0.26999998092651367" Y="0.32951849699020386" />
          <Max X="0.33000004291534424" Y="0.32951855659484863" />
        </Extent>
        <Coordinate X="0.27000000000000057" Y="0.32951853044685647" />
        <Coordinate X="0.33000000000000057" Y="0.32951853044685647" />
      </Line>
      <Text Font="Intergraph ISO" Justification="CenterCenter" Width="0.002822224" Height="0.002822224" TextAngle="0" DependantAttribute="[MaterialOfConstructionCodeAssignmentClass]" ItemID="SP80B1E87317254ED2B14B798DEE432AE5_SE002">
        <Presentation Layer="Labels" Color="Black" LineType="Solid" LineWeight="0.00035" R="0" G="0" B="0" />
        <Extent>
          <Min X="0.31095908836363695" Y="0.28970943808322008" />
          <Max X="0.31904091163636422" Y="0.29432762281049279" />
        </Extent>
        <Position>
          <Location X="0.31500000000000061" Y="0.29201853044685644" />
          <Axis X="0" Y="0" Z="1" />
          <Reference X="1" Y="0" Z="0" />
        </Position>
      </Text>
      <Text Font="Intergraph ISO" Justification="CenterCenter" Width="0.002822224" Height="0.002822224" TextAngle="0" DependantAttribute="[MaterialOfConstructionCodeAssignmentClass]" ItemID="SP80B1E87317254ED2B14B798DEE432AE5_SE001">
        <Presentation Layer="Labels" Color="Black" LineType="Solid" LineWeight="0.00035" R="0" G="0" B="0" />
        <Extent>
          <Min X="0.2808949469090915" Y="0.28970943808322008" />
          <Max X="0.28910505309090967" Y="0.29432762281049279" />
        </Extent>
        <Position>
          <Location X="0.28500000000000059" Y="0.29201853044685644" />
          <Axis X="0" Y="0" Z="1" />
          <Reference X="1" Y="0" Z="0" />
        </Position>
      </Text>
      <Text Font="Intergraph ISO" Justification="CenterCenter" Width="0.002822224" Height="0.002822224" TextAngle="0" DependantAttribute="[NominalCapacityVolume]" ItemID="SP80B1E87317254ED2B14B798DEE432AE5_SE001">
        <Presentation Layer="Labels" Color="Black" LineType="Solid" LineWeight="0.00035" R="0" G="0" B="0" />
        <Extent>
          <Min X="0.27922726909090967" Y="0.29470943808322009" />
          <Max X="0.2907727309090915" Y="0.2993276228104928" />
        </Extent>
        <Position>
          <Location X="0.28500000000000059" Y="0.29701853044685644" />
          <Axis X="0" Y="0" Z="1" />
          <Reference X="1" Y="0" Z="0" />
        </Position>
      </Text>
      <Text Font="Intergraph ISO" Justification="CenterCenter" Width="0.002822224" Height="0.002822224" TextAngle="0" DependantAttribute="[NominalCapacityVolume]" ItemID="SP80B1E87317254ED2B14B798DEE432AE5_SE002">
        <Presentation Layer="Labels" Color="Black" LineType="Solid" LineWeight="0.00035" R="0" G="0" B="0" />
        <Extent>
          <Min X="0.31012524945454606" Y="0.29470943808322009" />
          <Max X="0.31987475054545517" Y="0.2993276228104928" />
        </Extent>
        <Position>
          <Location X="0.31500000000000061" Y="0.29701853044685644" />
          <Axis X="0" Y="0" Z="1" />
          <Reference X="1" Y="0" Z="0" />
        </Position>
      </Text>
      <Text Font="Intergraph ISO" Justification="CenterCenter" Width="0.002822224" Height="0.002822224" TextAngle="0" DependantAttribute="[CylinderLength]" ItemID="SP80B1E87317254ED2B14B798DEE432AE5">
        <Presentation Layer="Labels" Color="Black" LineType="Solid" LineWeight="0.00035" R="0" G="0" B="0" />
        <Extent>
          <Min X="0.3114401492727279" Y="0.29970943808322009" />
          <Max X="0.31855985072727333" Y="0.3043276228104928" />
        </Extent>
        <Position>
          <Location X="0.31500000000000061" Y="0.30201853044685645" />
          <Axis X="0" Y="0" Z="1" />
          <Reference X="1" Y="0" Z="0" />
        </Position>
      </Text>
      <Text Font="Intergraph ISO" Justification="CenterCenter" Width="0.002822224" Height="0.002822224" TextAngle="0" DependantAttribute="[NominalDiameter]" ItemID="SP80B1E87317254ED2B14B798DEE432AE5">
        <Presentation Layer="Labels" Color="Black" LineType="Solid" LineWeight="0.00035" R="0" G="0" B="0" />
        <Extent>
          <Min X="0.28140807854545513" Y="0.29970943808322009" />
          <Max X="0.28859192145454604" Y="0.3043276228104928" />
        </Extent>
        <Position>
          <Location X="0.28500000000000059" Y="0.30201853044685645" />
          <Axis X="0" Y="0" Z="1" />
          <Reference X="1" Y="0" Z="0" />
        </Position>
      </Text>
      <Text Font="Intergraph ISO" Justification="CenterCenter" Width="0.002822224" Height="0.002822224" TextAngle="0" DependantAttribute="[UpperLimitDesignTemperature]" ItemID="SP80B1E87317254ED2B14B798DEE432AE5_SE002">
        <Presentation Layer="Labels" Color="Black" LineType="Solid" LineWeight="0.00035" R="0" G="0" B="0" />
        <Extent>
          <Min X="0.30948383490909154" Y="0.3047094380832201" />
          <Max X="0.32051616509090974" Y="0.30932762281049281" />
        </Extent>
        <Position>
          <Location X="0.31500000000000061" Y="0.30701853044685645" />
          <Axis X="0" Y="0" Z="1" />
          <Reference X="1" Y="0" Z="0" />
        </Position>
      </Text>
      <Text Font="Intergraph ISO" Justification="CenterCenter" Width="0.002822224" Height="0.002822224" TextAngle="0" DependantAttribute="[LowerLimitDesignTemperature]" ItemID="SP80B1E87317254ED2B14B798DEE432AE5_SE002">
        <Presentation Layer="Labels" Color="Black" LineType="Solid" LineWeight="0.00035" R="0" G="0" B="0" />
        <Extent>
          <Min X="0.30929141054545517" Y="0.3097094380832201" />
          <Max X="0.32070858945454606" Y="0.31432762281049281" />
        </Extent>
        <Position>
          <Location X="0.31500000000000061" Y="0.31201853044685646" />
          <Axis X="0" Y="0" Z="1" />
          <Reference X="1" Y="0" Z="0" />
        </Position>
      </Text>
      <Text Font="Intergraph ISO" Justification="CenterCenter" Width="0.002822224" Height="0.002822224" TextAngle="0" DependantAttribute="[UpperLimitDesignPressure]" ItemID="SP80B1E87317254ED2B14B798DEE432AE5_SE002">
        <Presentation Layer="Labels" Color="Black" LineType="Solid" LineWeight="0.00035" R="0" G="0" B="0" />
        <Extent>
          <Min X="0.30970833000000059" Y="0.31470943808322011" />
          <Max X="0.32029167000000058" Y="0.31932762281049282" />
        </Extent>
        <Position>
          <Location X="0.31500000000000061" Y="0.31701853044685646" />
          <Axis X="0" Y="0" Z="1" />
          <Reference X="1" Y="0" Z="0" />
        </Position>
      </Text>
      <Text Font="Intergraph ISO" Justification="CenterCenter" Width="0.002822224" Height="0.002822224" TextAngle="0" DependantAttribute="[UpperLimitDesignTemperature]" ItemID="SP80B1E87317254ED2B14B798DEE432AE5_SE001">
        <Presentation Layer="Labels" Color="Black" LineType="Solid" LineWeight="0.00035" R="0" G="0" B="0" />
        <Extent>
          <Min X="0.27948383490909151" Y="0.3047094380832201" />
          <Max X="0.29051616509090972" Y="0.30932762281049281" />
        </Extent>
        <Position>
          <Location X="0.28500000000000059" Y="0.30701853044685645" />
          <Axis X="0" Y="0" Z="1" />
          <Reference X="1" Y="0" Z="0" />
        </Position>
      </Text>
      <Text Font="Intergraph ISO" Justification="CenterCenter" Width="0.002822224" Height="0.002822224" TextAngle="0" DependantAttribute="[LowerLimitDesignTemperature]" ItemID="SP80B1E87317254ED2B14B798DEE432AE5_SE001">
        <Presentation Layer="Labels" Color="Black" LineType="Solid" LineWeight="0.00035" R="0" G="0" B="0" />
        <Extent>
          <Min X="0.27929141054545514" Y="0.3097094380832201" />
          <Max X="0.29070858945454603" Y="0.31432762281049281" />
        </Extent>
        <Position>
          <Location X="0.28500000000000059" Y="0.31201853044685646" />
          <Axis X="0" Y="0" Z="1" />
          <Reference X="1" Y="0" Z="0" />
        </Position>
      </Text>
      <Text Font="Intergraph ISO" Justification="CenterCenter" Width="0.002822224" Height="0.002822224" TextAngle="0" DependantAttribute="[UpperLimitDesignPressure]" ItemID="SP80B1E87317254ED2B14B798DEE432AE5_SE001">
        <Presentation Layer="Labels" Color="Black" LineType="Solid" LineWeight="0.00035" R="0" G="0" B="0" />
        <Extent>
          <Min X="0.27970833000000056" Y="0.31470943808322011" />
          <Max X="0.29029167000000056" Y="0.31932762281049282" />
        </Extent>
        <Position>
          <Location X="0.28500000000000059" Y="0.31701853044685646" />
          <Axis X="0" Y="0" Z="1" />
          <Reference X="1" Y="0" Z="0" />
        </Position>
      </Text>
      <Text Font="Intergraph ISO" Justification="CenterCenter" Width="0.002822224" Height="0.002822224" TextAngle="0" DependantAttribute="[LowerLimitDesignPressure]" ItemID="SP80B1E87317254ED2B14B798DEE432AE5_SE002">
        <Presentation Layer="Labels" Color="Black" LineType="Solid" LineWeight="0.00035" R="0" G="0" B="0" />
        <Extent>
          <Min X="0.30840886025092851" Y="0.31970943808322011" />
          <Max X="0.32059573661456486" Y="0.32432762281049282" />
        </Extent>
        <Position>
          <Location X="0.31450229843274669" Y="0.32201853044685647" />
          <Axis X="0" Y="0" Z="1" />
          <Reference X="1" Y="0" Z="0" />
        </Position>
      </Text>
      <Text Font="Intergraph ISO" Justification="CenterCenter" Width="0.002822224" Height="0.002822224" TextAngle="0" DependantAttribute="[LowerLimitDesignPressure]" ItemID="SP80B1E87317254ED2B14B798DEE432AE5_SE001">
        <Presentation Layer="Labels" Color="Black" LineType="Solid" LineWeight="0.00035" R="0" G="0" B="0" />
        <Extent>
          <Min X="0.27890656181818241" Y="0.31970943808322011" />
          <Max X="0.29109343818181876" Y="0.32432762281049282" />
        </Extent>
        <Position>
          <Location X="0.28500000000000059" Y="0.32201853044685647" />
          <Axis X="0" Y="0" Z="1" />
          <Reference X="1" Y="0" Z="0" />
        </Position>
      </Text>
      <Text Font="Intergraph ISO" Justification="CenterCenter" Width="0.002822224" Height="0.002822224" TextAngle="0" DependantAttribute="[FunctionalObjectDescriptionAssignmentClass]" ItemID="SP80B1E87317254ED2B14B798DEE432AE5">
        <Presentation Layer="Labels" Color="Black" LineType="Solid" LineWeight="0.00035" R="0" G="0" B="0" />
        <Extent>
          <Min X="0.29679292727272788" Y="0.32470943808322011" />
          <Max X="0.30320707272727332" Y="0.32932762281049283" />
        </Extent>
        <Position>
          <Location X="0.3000000000000006" Y="0.32701853044685647" />
          <Axis X="0" Y="0" Z="1" />
          <Reference X="1" Y="0" Z="0" />
        </Position>
      </Text>
      <Text String="Material Chamber 1 / 2" Font="Intergraph ISO" Justification="LeftCenter" Width="0.0028" Height="0.0028" TextAngle="0">
        <Presentation Layer="Labels" Color="Black" LineType="Solid" LineWeight="0.00035" R="0" G="0" B="0" />
        <Extent>
          <Min X="0.20250000000000051" Y="0.28972762135594732" />
          <Max X="0.23368181818181871" Y="0.2943094395377655" />
        </Extent>
        <Position>
          <Location X="0.20250000000000054" Y="0.29201853044685644" />
          <Axis X="0" Y="0" Z="1" />
          <Reference X="1" Y="0" Z="0" />
        </Position>
      </Text>
      <Text String="Nominal Capacity Chamber 1 / 2" Font="Intergraph ISO" Justification="LeftCenter" Width="0.0028" Height="0.0028" TextAngle="0">
        <Presentation Layer="Labels" Color="Black" LineType="Solid" LineWeight="0.00035" R="0" G="0" B="0" />
        <Extent>
          <Min X="0.20250000000000054" Y="0.29472762135594732" />
          <Max X="0.24507272727272783" Y="0.29930943953776551" />
        </Extent>
        <Position>
          <Location X="0.20250000000000054" Y="0.29701853044685644" />
          <Axis X="0" Y="0" Z="1" />
          <Reference X="1" Y="0" Z="0" />
        </Position>
      </Text>
      <Text String="Nominal Diameter / Overall Height/Length" Font="Intergraph ISO" Justification="LeftCenter" Width="0.0028" Height="0.0028" TextAngle="0">
        <Presentation Layer="Labels" Color="Black" LineType="Solid" LineWeight="0.00035" R="0" G="0" B="0" />
        <Extent>
          <Min X="0.20250000000000054" Y="0.29972762135594733" />
          <Max X="0.25799090909090966" Y="0.30430943953776551" />
        </Extent>
        <Position>
          <Location X="0.20250000000000054" Y="0.30201853044685645" />
          <Axis X="0" Y="0" Z="1" />
          <Reference X="1" Y="0" Z="0" />
        </Position>
      </Text>
      <Text String="Design Temp. max. Chamber 1 / 2" Font="Intergraph ISO" Justification="LeftCenter" Width="0.0028" Height="0.0028" TextAngle="0">
        <Presentation Layer="Labels" Color="Black" LineType="Solid" LineWeight="0.00035" R="0" G="0" B="0" />
        <Extent>
          <Min X="0.20250000000000054" Y="0.30472762135594733" />
          <Max X="0.24596363636363691" Y="0.30930943953776552" />
        </Extent>
        <Position>
          <Location X="0.20250000000000054" Y="0.30701853044685645" />
          <Axis X="0" Y="0" Z="1" />
          <Reference X="1" Y="0" Z="0" />
        </Position>
      </Text>
      <Text String="Design Temp. min. Chamber 1 / 2" Font="Intergraph ISO" Justification="LeftCenter" Width="0.0028" Height="0.0028" TextAngle="0">
        <Presentation Layer="Labels" Color="Black" LineType="Solid" LineWeight="0.00035" R="0" G="0" B="0" />
        <Extent>
          <Min X="0.20250000000000054" Y="0.30972762135594734" />
          <Max X="0.24513636363636418" Y="0.31430943953776552" />
        </Extent>
        <Position>
          <Location X="0.20250000000000054" Y="0.31201853044685646" />
          <Axis X="0" Y="0" Z="1" />
          <Reference X="1" Y="0" Z="0" />
        </Position>
      </Text>
      <Text String="Design Press. max. Chamber 1 / 2" Font="Intergraph ISO" Justification="LeftCenter" Width="0.0028" Height="0.0028" TextAngle="0">
        <Presentation Layer="Labels" Color="Black" LineType="Solid" LineWeight="0.00035" R="0" G="0" B="0" />
        <Extent>
          <Min X="0.20250000000000051" Y="0.31472762135594734" />
          <Max X="0.24628181818181871" Y="0.31930943953776553" />
        </Extent>
        <Position>
          <Location X="0.20250000000000054" Y="0.31701853044685646" />
          <Axis X="0" Y="0" Z="1" />
          <Reference X="1" Y="0" Z="0" />
        </Position>
      </Text>
      <Text String="Design Press. min. Chamber 1 / 2" Font="Intergraph ISO" Justification="LeftCenter" Width="0.0028" Height="0.0028" TextAngle="0">
        <Presentation Layer="Labels" Color="Black" LineType="Solid" LineWeight="0.00035" R="0" G="0" B="0" />
        <Extent>
          <Min X="0.20250000000000054" Y="0.31972762135594734" />
          <Max X="0.245454545454546" Y="0.32430943953776553" />
        </Extent>
        <Position>
          <Location X="0.20250000000000054" Y="0.32201853044685647" />
          <Axis X="0" Y="0" Z="1" />
          <Reference X="1" Y="0" Z="0" />
        </Position>
      </Text>
      <Text String="Description" Font="Intergraph ISO" Justification="LeftCenter" Width="0.0028" Height="0.0028" TextAngle="0">
        <Presentation Layer="Labels" Color="Black" LineType="Solid" LineWeight="0.00035" R="0" G="0" B="0" />
        <Extent>
          <Min X="0.20250000000000054" Y="0.32472762135594735" />
          <Max X="0.21720000000000053" Y="0.32930943953776554" />
        </Extent>
        <Position>
          <Location X="0.20250000000000054" Y="0.32701853044685647" />
          <Axis X="0" Y="0" Z="1" />
          <Reference X="1" Y="0" Z="0" />
        </Position>
      </Text>
      <Text String="Ident" Font="Intergraph ISO" Justification="LeftCenter" Width="0.0035" Height="0.0035" TextAngle="0">
        <Presentation Layer="Labels" Color="Black" LineType="Solid" LineWeight="0.00035" R="0" G="0" B="0" />
        <Extent>
          <Min X="0.20250000000000054" Y="0.33165489408322008" />
          <Max X="0.21085227272727328" Y="0.33738216681049282" />
        </Extent>
        <Position>
          <Location X="0.20250000000000054" Y="0.33451853044685648" />
          <Axis X="0" Y="0" Z="1" />
          <Reference X="1" Y="0" Z="0" />
        </Position>
      </Text>
      <Text Font="Intergraph ISO" Justification="CenterTop" Width="0.0035" Height="0.0035" TextAngle="0" DependantAttribute="[TagName]" ItemID="SP80B1E87317254ED2B14B798DEE432AE5">
        <Presentation Layer="Labels" Color="Black" LineType="Solid" LineWeight="0.00035" R="0" G="0" B="0" />
        <Extent>
          <Min X="0.29528371284236982" Y="0.3323913885660536" />
          <Max X="0.30562462193327888" Y="0.33811866129332635" />
        </Extent>
        <Position>
          <Location X="0.30045416738782438" Y="0.33811866129332635" />
          <Axis X="0" Y="0" Z="1" />
          <Reference X="1" Y="0" Z="0" />
        </Position>
      </Text>
    </Label>
  </Drawing>
  <Equipment ID="SP80B1E87317254ED2B14B798DEE432AE5" TagName="T4750" ComponentClass="Tank" ComponentClassURI="http://data.posccaesar.org/rdl/RDS445139">
    <GenericAttributes Number="8" Set="DexpiAttributes">
      <GenericAttribute Name="TagNamePrefixAssignmentClass" Value="T" Format="string" AttributeURI="http://sandbox.dexpi.org/rdl/TagNamePrefixAssignmentClass" />
      <GenericAttribute Name="TagNameSequenceNumberAssignmentClass" Value="4750" Format="string" AttributeURI="http://sandbox.dexpi.org/rdl/TagNameSequenceNumberAssignmentClass" />
      <GenericAttribute Name="TagNameSuffixAssignmentClass" Value="" Format="string" AttributeURI="http://sandbox.dexpi.org/rdl/TagNameSuffixAssignmentClass" />
      <GenericAttribute Name="FunctionalObjectDescriptionAssignmentClass" Value="Tank" Format="string" AttributeURI="http://data.posccaesar.org/rdl/RDS2101566251" />
      <GenericAttribute Name="SymbolRegistrationNumberAssignmentClass" Value="" Format="string" AttributeURI="http://sandbox.dexpi.org/rdl/SymbolRegistrationNumberAssigmentClass" />
      <GenericAttribute Name="NominalDiameter" Value="2000" Format="double" Units="Millimetre" AttributeURI="http://data.posccaesar.org/rdl/RDS366794" UnitsURI="http://data.posccaesar.org/rdl/RDS1357739" />
      <GenericAttribute Name="CylinderLength" Value="4" Format="double" Units="Metre" AttributeURI="http://sandbox.dexpi.org/rdl/CylinderLength" UnitsURI="http://data.posccaesar.org/rdl/RDS1332674" />
      <GenericAttribute Name="NominalDiameterTypeRepresentationAssignmentClass" Value="Metric" Format="string" AttributeURI="http://sandbox.dexpi.org/rdl/NominalDiameterTypeRepresentationAssignmentClass" />
    </GenericAttributes>
    <Description>Tank</Description>
    <PersistentID Identifier="SP80B1E87317254ED2B14B798DEE432AE5" Context="SmartPID - DEXPI" />
    <Position>
      <Location X="0.259946791390631" Y="0.395063535022898" Z="0" />
      <Axis X="0" Y="0" Z="1" />
      <Reference X="1" Y="0" Z="0" />
    </Position>
    <Presentation Layer="Default" Color="Black" LineType="Solid" LineWeight="0.00035" R="0" G="0" B="0" />
    <Extent>
      <Min X="0.2398765964905949" Y="0.36010443103627704" />
      <Max X="0.28000966296598628" Y="0.43002446984068893" />
    </Extent>
    <TrimmedCurve StartAngle="60" EndAngle="120">
      <Circle Radius="0.040106396039115796">
        <Presentation Layer="Default" Color="Black" LineType="Solid" LineWeight="0.00013" R="0" G="0" B="0" />
        <Extent>
          <Min X="0.2398935854434967" Y="0.42462673783302307" />
          <Max X="0.28000003099441528" Y="0.43000003695487976" />
        </Extent>
        <Position>
          <Location X="0.2599" Y="0.3899" />
          <Axis X="0" Y="0" Z="1" />
          <Reference X="1" Y="0" Z="0" />
        </Position>
      </Circle>
    </TrimmedCurve>
    <Line>
      <Presentation Layer="Default" Color="Black" LineType="Solid" LineWeight="0.00013" R="0" G="0" B="0" />
      <Extent>
        <Min X="0.2398935854434967" Y="0.365500271320343" />
        <Max X="0.23989361524581909" Y="0.42462679743766785" />
      </Extent>
      <Coordinate X="0.23989359337107291" Y="0.42462675940081229" />
      <Coordinate X="0.23989359337107291" Y="0.36550031064498356" />
    </Line>
    <Line>
      <Presentation Layer="Default" Color="Black" LineType="Solid" LineWeight="0.00013" R="0" G="0" B="0" />
      <Extent>
        <Min X="0.27999997138977051" Y="0.365500271320343" />
        <Max X="0.28000003099441528" Y="0.42462679743766785" />
      </Extent>
      <Coordinate X="0.27999998941018861" Y="0.42462675940081229" />
      <Coordinate X="0.27999998941018861" Y="0.36550031064498362" />
    </Line>
    <TrimmedCurve StartAngle="240" EndAngle="300">
      <Circle Radius="0.040106396039115796">
        <Presentation Layer="Default" Color="Black" LineType="Solid" LineWeight="0.00013" R="0" G="0" B="0" />
        <Extent>
          <Min X="0.2398935854434967" Y="0.3601270318031311" />
          <Max X="0.28000003099441528" Y="0.36550033092498779" />
        </Extent>
        <Position>
          <Location X="0.2599" Y="0.4002" />
          <Axis X="0" Y="0" Z="1" />
          <Reference X="1" Y="0" Z="0" />
        </Position>
      </Circle>
    </TrimmedCurve>
    <Equipment ID="SP80B1E87317254ED2B14B798DEE432AE5_SE001" ComponentClass="Chamber" ComponentClassURI="http://data.posccaesar.org/rdl/RDS903151421">
      <GenericAttributes Number="8" Set="DexpiAttributes">
        <GenericAttribute Name="UpperLimitDesignPressure" Value="0.10" Format="double" Units="barg" AttributeURI="http://data.posccaesar.org/rdl/RDS1470835011" UnitsURI="http://data.posccaesar.org/rdl/RDS1348874" />
        <GenericAttribute Name="LowerLimitDesignPressure" Value="-1.01" Format="double" Units="barg" AttributeURI="http://data.posccaesar.org/rdl/RDS360674" UnitsURI="http://data.posccaesar.org/rdl/RDS1348874" />
        <GenericAttribute Name="UpperLimitDesignTemperature" Value="100.00" Format="double" Units="DegreeCelsius" AttributeURI="http://data.posccaesar.org/rdl/RDS360449" UnitsURI="http://data.posccaesar.org/rdl/RDS1322684" />
        <GenericAttribute Name="LowerLimitDesignTemperature" Value="-45.00" Format="double" Units="DegreeCelsius" AttributeURI="http://data.posccaesar.org/rdl/RDS360494" UnitsURI="http://data.posccaesar.org/rdl/RDS1322684" />
        <GenericAttribute Name="SubequipmentIdAssignmentClass" Value="Chambers" Format="string" AttributeURI="http://sandbox.dexpi.org/rdl/SubequipmentIdAssignmentClass" />
        <GenericAttribute Name="NominalCapacityVolume" Value="22" Format="double" Units="MetreCubed" AttributeURI="http://sandbox.dexpi.org/rdl/NominalCapacityVolume" UnitsURI="http://data.posccaesar.org/rdl/RDS1349099" />
        <GenericAttribute Name="MaterialOfConstructionCodeAssignmentClass" Value="1.4306" Format="string" AttributeURI="http://data.posccaesar.org/rdl/RDS1460719741" />
        <GenericAttribute Name="FunctionalObjectDescriptionAssignmentClass" Value="Chamber 1" Format="string" AttributeURI="http://data.posccaesar.org/rdl/RDS2101566251" />
      </GenericAttributes>
    </Equipment>
    <Equipment ID="SP80B1E87317254ED2B14B798DEE432AE5_SE002" ComponentClass="Chamber" ComponentClassURI="http://data.posccaesar.org/rdl/RDS903151421">
      <GenericAttributes Number="8" Set="DexpiAttributes">
        <GenericAttribute Name="UpperLimitDesignPressure" Value="0.05" Format="double" Units="barg" AttributeURI="http://data.posccaesar.org/rdl/RDS1470835011" UnitsURI="http://data.posccaesar.org/rdl/RDS1348874" />
        <GenericAttribute Name="LowerLimitDesignPressure" Value="-0.10" Format="double" Units="barg" AttributeURI="http://data.posccaesar.org/rdl/RDS360674" UnitsURI="http://data.posccaesar.org/rdl/RDS1348874" />
        <GenericAttribute Name="UpperLimitDesignTemperature" Value="100.00" Format="double" Units="DegreeCelsius" AttributeURI="http://data.posccaesar.org/rdl/RDS360449" UnitsURI="http://data.posccaesar.org/rdl/RDS1322684" />
        <GenericAttribute Name="LowerLimitDesignTemperature" Value="-45.00" Format="double" Units="DegreeCelsius" AttributeURI="http://data.posccaesar.org/rdl/RDS360494" UnitsURI="http://data.posccaesar.org/rdl/RDS1322684" />
        <GenericAttribute Name="SubequipmentIdAssignmentClass" Value="Chambers" Format="string" AttributeURI="http://sandbox.dexpi.org/rdl/SubequipmentIdAssignmentClass" />
        <GenericAttribute Name="MaterialOfConstructionCodeAssignmentClass" Value="1.4305" Format="string" AttributeURI="http://data.posccaesar.org/rdl/RDS1460719741" />
        <GenericAttribute Name="NominalCapacityVolume" Value="4" Format="double" Units="MetreCubed" AttributeURI="http://sandbox.dexpi.org/rdl/NominalCapacityVolume" UnitsURI="http://data.posccaesar.org/rdl/RDS1349099" />
        <GenericAttribute Name="FunctionalObjectDescriptionAssignmentClass" Value="Chamber 2" Format="string" AttributeURI="http://data.posccaesar.org/rdl/RDS2101566251" />
      </GenericAttributes>
    </Equipment>
  </Equipment>
</PlantModel>