﻿<?xml version="1.0" encoding="utf-8"?>
<!--
Mapped to DEXPI requirements using P&ID2DEXPI.xsl
RDF project loaded : D:\Program Files\AVEVA\P&ID 12.1.SP3\Install\Rdf\config\DEXPI.oprj
Library : Reference Data (ok)
Library : P&ID Ontology (ok)
-->
<PlantModel xsi:noNamespaceSchemaLocation="./XMpLantP&amp;IDProfileSchema_4.0.1.xsd" xmlns:xsi="http://www.w3.org/2001/XMLSchema-instance">
	<PlantInformation SchemaVersion="4.0.1" OriginatingSystem="AVEVAPID" ModelName="C:\\XMpLantStagingArea\\A1-51-2003-1.avevapid" Date="2016-08-30" Time="08:19:57" Is3D="no" Discipline="PID" Units="Millimetre">
		<UnitsOfMeasure Distance="mm" />
	</PlantInformation>
	<Extent>  
		<Min X="96.023810" Y="51.750000" Z="0.000000" /> 
		<Max X="335.000000" Y="537.000000" Z="0.000000" /> 
	</Extent>
	<Drawing Name="DEXPI01" Type="PID" Revision="" Title="">
		<Presentation Layer="0" LineType="Solid" LineWeight="1" Color="Black" R="0" G="0" B="0" />
		<Extent>  
			<Min X="96.023810" Y="51.750000" Z="0.000000" /> 
			<Max X="335.000000" Y="537.000000" Z="0.000000" /> 
		</Extent>
		<GenericAttributes Set="Drawing" Number="40">
			<GenericAttribute Name="Drawing_Number" Value="DEXPI01" Format="string" />
			<GenericAttribute Name="Project" Value="IPE" Format="string" />
			<GenericAttribute Name="Loop_no2_max" Format="string" />
			<GenericAttribute Name="Loop_no1_cancelled" Format="string" />
			<GenericAttribute Name="Loop_no2_cancelled" Format="string" />
			<GenericAttribute Name="Reason_For_Issue" Format="string" />
			<GenericAttribute Name="Line_no2_used" Format="string" />
			<GenericAttribute Name="Line_no3_min" Format="string" />
			<GenericAttribute Name="Loop_no2_used" Format="string" />
			<GenericAttribute Name="Line_no1_cancelled" Format="string" />
			<GenericAttribute Name="Line_no2_cancelled" Format="string" />
			<GenericAttribute Name="Line_no3_cancelled" Format="string" />
			<GenericAttribute Name="Line_no4_cancelled" Format="string" />
			<GenericAttribute Name="Sheet_Attribute_4" Format="string" />
			<GenericAttribute Name="Line_no1_used" Format="string" />
			<GenericAttribute Name="Line_no2_min" Format="string" />
			<GenericAttribute Name="Line_no2_max" Format="string" />
			<GenericAttribute Name="Design_Area_Attribute" Format="string" />
			<GenericAttribute Name="Client_Drawing_Number" Format="string" />
			<GenericAttribute Name="Sheet_Attribute_5" Format="string" />
			<GenericAttribute Name="Revision" Format="string" />
			<GenericAttribute Name="Loop_no2_min" Format="string" />
			<GenericAttribute Name="Line_no1_min" Format="string" />
			<GenericAttribute Name="Line_no1_max" Format="string" />
			<GenericAttribute Name="Loop_no1_min" Format="string" />
			<GenericAttribute Name="Loop_no1_max" Format="string" />
			<GenericAttribute Name="Sheet_Attribute_2" Format="string" />
			<GenericAttribute Name="Loop_no1_used" Format="string" />
			<GenericAttribute Name="Sheet_Attribute_Header" Format="string" />
			<GenericAttribute Name="Line_no3_max" Format="string" />
			<GenericAttribute Name="Line_no3_used" Format="string" />
			<GenericAttribute Name="Line_no4_min" Format="string" />
			<GenericAttribute Name="Sheet_Attribute_1" Format="string" />
			<GenericAttribute Name="Line_no4_max" Format="string" />
			<GenericAttribute Name="Sheet_Attribute_3" Format="string" />
			<GenericAttribute Name="Line_no4_used" Format="string" />
			<GenericAttribute Name="Sheet" Format="string" />
			<GenericAttribute Name="Sheet_Attribute_6" Format="string" />
			<GenericAttribute Name="Sheet_Attribute_7" Format="string" />
			<GenericAttribute Name="DrawingNumber_Sheet" Value="DEXPI01" Format="string" />
		</GenericAttributes>
		<Text String="DEXPI01" Font="romans" Justification="CenterCenter" Width="1.000000" Height="4.000000" TextAngle="0.000000" SlantAngle="0.000000">
			<Presentation Layer="AS_LAB" LineType="Solid" LineWeight="0.25" Color="Lime" R="0" G="1" B="0" />
			<Extent>  
				<Min X="97.190476" Y="64.000000" Z="0.000000" /> 
				<Max X="118.904762" Y="68.000000" Z="0.000000" /> 
			</Extent>
			<Position>  
				<Location X="109.000000" Y="66.000000" Z="0.000000" /> 
				<Axis X="0.000000" Y="0.000000" Z="1.000000" /> 
				<Reference X="1.000000" Y="0.000000" Z="0.000000" /> 
			</Position>
		</Text>
		<Text String="IPE" Font="romans" Justification="CenterCenter" Width="1.000000" Height="2.500000" TextAngle="0.000000" SlantAngle="0.000000">
			<Presentation Layer="AS_LAB" LineType="Solid" LineWeight="0.25" Color="Lime" R="0" G="1" B="0" />
			<Extent>  
				<Min X="96.023810" Y="51.750000" Z="0.000000" /> 
				<Max X="101.023810" Y="54.250000" Z="0.000000" /> 
			</Extent>
			<Position>  
				<Location X="99.000000" Y="53.000000" Z="0.000000" /> 
				<Axis X="0.000000" Y="0.000000" Z="1.000000" /> 
				<Reference X="1.000000" Y="0.000000" Z="0.000000" /> 
			</Position>
		</Text>
	</Drawing>
	<ShapeCatalogue Name="Symbol Library">
		<Equipment ID="XMP_2" ComponentName="BLKBIN_Lime">
			<Extent>  
				<Min X="-20.000000" Y="-30.000000" Z="0.000000" /> 
				<Max X="22.000000" Y="22.000000" Z="0.000000" /> 
			</Extent>
			<Presentation Layer="AS_EQU" LineType="Solid" LineWeight="0.25" Color="Lime" R="0" G="1" B="0" />
			<Position>  
				<Location X="0.000000" Y="0.000000" Z="0.000000" /> 
				<Axis X="0.000000" Y="0.000000" Z="1.000000" /> 
				<Reference X="1.000000" Y="0.000000" Z="0.000000" /> 
			</Position>
			<PolyLine NumPoints="2">
				<Presentation Layer="AS_EQU" LineType="Solid" LineWeight="0.25" Color="Lime" R="0" G="1" B="0" />
				<Extent>  
					<Min X="8.000000" Y="18.000000" Z="0.000000" /> 
					<Max X="8.000000" Y="20.000000" Z="0.000000" /> 
				</Extent>
				<Coordinate X="8.000000" Y="18.000000" Z="0.000000" /> 
				<Coordinate X="8.000000" Y="20.000000" Z="0.000000" /> 
			</PolyLine>
			<PolyLine NumPoints="2">
				<Presentation Layer="AS_EQU" LineType="Solid" LineWeight="0.25" Color="Lime" R="0" G="1" B="0" />
				<Extent>  
					<Min X="-6.000000" Y="18.000000" Z="0.000000" /> 
					<Max X="-6.000000" Y="20.000000" Z="0.000000" /> 
				</Extent>
				<Coordinate X="-6.000000" Y="20.000000" Z="0.000000" /> 
				<Coordinate X="-6.000000" Y="18.000000" Z="0.000000" /> 
			</PolyLine>
			<PolyLine NumPoints="2">
				<Presentation Layer="AS_EQU" LineType="Solid" LineWeight="0.25" Color="Lime" R="0" G="1" B="0" />
				<Extent>  
					<Min X="10.000000" Y="20.000000" Z="0.000000" /> 
					<Max X="10.000000" Y="22.000000" Z="0.000000" /> 
				</Extent>
				<Coordinate X="10.000000" Y="22.000000" Z="0.000000" /> 
				<Coordinate X="10.000000" Y="20.000000" Z="0.000000" /> 
			</PolyLine>
			<PolyLine NumPoints="2">
				<Presentation Layer="AS_EQU" LineType="Solid" LineWeight="0.25" Color="Lime" R="0" G="1" B="0" />
				<Extent>  
					<Min X="-8.000000" Y="22.000000" Z="0.000000" /> 
					<Max X="10.000000" Y="22.000000" Z="0.000000" /> 
				</Extent>
				<Coordinate X="-8.000000" Y="22.000000" Z="0.000000" /> 
				<Coordinate X="10.000000" Y="22.000000" Z="0.000000" /> 
			</PolyLine>
			<PolyLine NumPoints="2">
				<Presentation Layer="AS_EQU" LineType="Solid" LineWeight="0.25" Color="Lime" R="0" G="1" B="0" />
				<Extent>  
					<Min X="-8.000000" Y="20.000000" Z="0.000000" /> 
					<Max X="-8.000000" Y="22.000000" Z="0.000000" /> 
				</Extent>
				<Coordinate X="-8.000000" Y="20.000000" Z="0.000000" /> 
				<Coordinate X="-8.000000" Y="22.000000" Z="0.000000" /> 
			</PolyLine>
			<PolyLine NumPoints="2">
				<Presentation Layer="AS_EQU" LineType="Solid" LineWeight="0.25" Color="Lime" R="0" G="1" B="0" />
				<Extent>  
					<Min X="-8.000000" Y="20.000000" Z="0.000000" /> 
					<Max X="10.000000" Y="20.000000" Z="0.000000" /> 
				</Extent>
				<Coordinate X="-8.000000" Y="20.000000" Z="0.000000" /> 
				<Coordinate X="10.000000" Y="20.000000" Z="0.000000" /> 
			</PolyLine>
			<PolyLine NumPoints="2">
				<Presentation Layer="AS_EQU" LineType="Solid" LineWeight="0.25" Color="Lime" R="0" G="1" B="0" />
				<Extent>  
					<Min X="-20.000000" Y="-26.000000" Z="0.000000" /> 
					<Max X="22.000000" Y="-26.000000" Z="0.000000" /> 
				</Extent>
				<Coordinate X="-20.000000" Y="-26.000000" Z="0.000000" /> 
				<Coordinate X="22.000000" Y="-26.000000" Z="0.000000" /> 
			</PolyLine>
			<PolyLine NumPoints="2">
				<Presentation Layer="AS_EQU" LineType="Solid" LineWeight="0.25" Color="Lime" R="0" G="1" B="0" />
				<Extent>  
					<Min X="-20.000000" Y="-30.000000" Z="0.000000" /> 
					<Max X="-20.000000" Y="18.000000" Z="0.000000" /> 
				</Extent>
				<Coordinate X="-20.000000" Y="18.000000" Z="0.000000" /> 
				<Coordinate X="-20.000000" Y="-30.000000" Z="0.000000" /> 
			</PolyLine>
			<PolyLine NumPoints="2">
				<Presentation Layer="AS_EQU" LineType="Solid" LineWeight="0.25" Color="Lime" R="0" G="1" B="0" />
				<Extent>  
					<Min X="-20.000000" Y="-30.000000" Z="0.000000" /> 
					<Max X="-14.000000" Y="-30.000000" Z="0.000000" /> 
				</Extent>
				<Coordinate X="-20.000000" Y="-30.000000" Z="0.000000" /> 
				<Coordinate X="-14.000000" Y="-30.000000" Z="0.000000" /> 
			</PolyLine>
			<PolyLine NumPoints="2">
				<Presentation Layer="AS_EQU" LineType="Solid" LineWeight="0.25" Color="Lime" R="0" G="1" B="0" />
				<Extent>  
					<Min X="-14.000000" Y="-30.000000" Z="0.000000" /> 
					<Max X="-14.000000" Y="-26.000000" Z="0.000000" /> 
				</Extent>
				<Coordinate X="-14.000000" Y="-30.000000" Z="0.000000" /> 
				<Coordinate X="-14.000000" Y="-26.000000" Z="0.000000" /> 
			</PolyLine>
			<PolyLine NumPoints="2">
				<Presentation Layer="AS_EQU" LineType="Solid" LineWeight="0.25" Color="Lime" R="0" G="1" B="0" />
				<Extent>  
					<Min X="-14.000000" Y="-26.000000" Z="0.000000" /> 
					<Max X="16.000000" Y="-26.000000" Z="0.000000" /> 
				</Extent>
				<Coordinate X="-14.000000" Y="-26.000000" Z="0.000000" /> 
				<Coordinate X="16.000000" Y="-26.000000" Z="0.000000" /> 
			</PolyLine>
			<PolyLine NumPoints="2">
				<Presentation Layer="AS_EQU" LineType="Solid" LineWeight="0.25" Color="Lime" R="0" G="1" B="0" />
				<Extent>  
					<Min X="16.000000" Y="-30.000000" Z="0.000000" /> 
					<Max X="16.000000" Y="-26.000000" Z="0.000000" /> 
				</Extent>
				<Coordinate X="16.000000" Y="-26.000000" Z="0.000000" /> 
				<Coordinate X="16.000000" Y="-30.000000" Z="0.000000" /> 
			</PolyLine>
			<PolyLine NumPoints="2">
				<Presentation Layer="AS_EQU" LineType="Solid" LineWeight="0.25" Color="Lime" R="0" G="1" B="0" />
				<Extent>  
					<Min X="16.000000" Y="-30.000000" Z="0.000000" /> 
					<Max X="22.000000" Y="-30.000000" Z="0.000000" /> 
				</Extent>
				<Coordinate X="16.000000" Y="-30.000000" Z="0.000000" /> 
				<Coordinate X="22.000000" Y="-30.000000" Z="0.000000" /> 
			</PolyLine>
			<PolyLine NumPoints="2">
				<Presentation Layer="AS_EQU" LineType="Solid" LineWeight="0.25" Color="Lime" R="0" G="1" B="0" />
				<Extent>  
					<Min X="22.000000" Y="-30.000000" Z="0.000000" /> 
					<Max X="22.000000" Y="18.000000" Z="0.000000" /> 
				</Extent>
				<Coordinate X="22.000000" Y="-30.000000" Z="0.000000" /> 
				<Coordinate X="22.000000" Y="18.000000" Z="0.000000" /> 
			</PolyLine>
			<PolyLine NumPoints="2">
				<Presentation Layer="AS_EQU" LineType="Solid" LineWeight="0.25" Color="Lime" R="0" G="1" B="0" />
				<Extent>  
					<Min X="-20.000000" Y="18.000000" Z="0.000000" /> 
					<Max X="22.000000" Y="18.000000" Z="0.000000" /> 
				</Extent>
				<Coordinate X="22.000000" Y="18.000000" Z="0.000000" /> 
				<Coordinate X="-20.000000" Y="18.000000" Z="0.000000" /> 
			</PolyLine>
		</Equipment>
	</ShapeCatalogue>
	<Equipment ID="XMP_1" TagName="E-1200" ComponentClass="Vessel/Column" StockNumber="BLKBIN" ComponentName="BLKBIN_Lime">
		<Extent>  
			<Min X="293.000000" Y="485.000000" Z="0.000000" /> 
			<Max X="335.000000" Y="537.000000" Z="0.000000" /> 
		</Extent>
		<Presentation Layer="AS_EQU" LineType="Solid" LineWeight="0.25" Color="Lime" R="0" G="1" B="0" />
		<Position>  
			<Location X="313.000000" Y="515.000000" Z="0.000000" /> 
			<Axis X="0.000000" Y="0.000000" Z="1.000000" /> 
			<Reference X="1.000000" Y="0.000000" Z="0.000000" /> 
		</Position>
		<Scale X="1.000000" Y="1.000000" Z="1.000000" />
		<PersistentID Identifier="39B5" Context="DEXPI01" />
		<GenericAttributes Set="Vessel/Column" Number="28">
			<GenericAttribute Name="Block" Format="string" />
			<GenericAttribute Name="TagBlock" Format="string" />
			<GenericAttribute Name="Function" Format="string" />
			<GenericAttribute Name="TagFunction" Format="string" />
			<GenericAttribute Name="Prefix" Format="string" />
			<GenericAttribute Name="TagPrefix" Format="string" />
			<GenericAttribute Name="Type" Value="E" Format="string" />
			<GenericAttribute Name="TagType" Value="E" Format="string" />
			<GenericAttribute Name="Number" Value="1200" Format="string" />
			<GenericAttribute Name="TagSequenceNo" Value="1200" Format="string" />
			<GenericAttribute Name="Suffix" Format="string" />
			<GenericAttribute Name="TagSuffix" Format="string" />
			<GenericAttribute Name="Handle" Value="39B5" Format="string" />
			<GenericAttribute Name="Owner_Handle" Format="string" />
			<GenericAttribute Name="SymbolName" Value="BLKBIN" Format="string" />
			<GenericAttribute Name="AType" Value="EQV" Format="string" />
			<GenericAttribute Name="PDMS_Type" Format="string" />
			<GenericAttribute Name="PDMS_SubType" Format="string" />
			<GenericAttribute Name="CLASSNAME" Format="string" />
			<GenericAttribute Name="TAGFORMAT" Format="string" />
			<GenericAttribute Name="AREAPATH" Format="string" />
			<GenericAttribute Name="Description" Value="Vessel/Column" Format="string" />
			<GenericAttribute Name="DS_EQUIPMENT_TAG_NUMBER" Format="string" />
			<GenericAttribute Name="DS_EQUIPMENT_TAG_TRAIN" Format="string" />
			<GenericAttribute Name="DS_EQUIPMENT_TAG_TRAIN_NUMBER" Value="?-?" Format="string" />
			<GenericAttribute Name="DS_GENERAL_Description" Value="Vessel / Column" Format="string" />
			<GenericAttribute Name="Grid_Reference" Value="3F" Format="string" />
			<GenericAttribute Name="ReferenceObject" Value="NO" Format="string" />
		</GenericAttributes>
		<Text String="E-1200" Font="romans" Justification="CenterCenter" Width="1.000000" Height="5.000000" TextAngle="0.000000" SlantAngle="0.000000">
			<Presentation Layer="AS_LAB" LineType="Solid" LineWeight="0.25" Color="Lime" R="0" G="1" B="0" />
			<Extent>  
				<Min X="300.000000" Y="460.500000" Z="0.000000" /> 
				<Max X="327.380952" Y="465.500000" Z="0.000000" /> 
			</Extent>
			<Position>  
				<Location X="315.000000" Y="463.000000" Z="0.000000" /> 
				<Axis X="0.000000" Y="0.000000" Z="1.000000" /> 
				<Reference X="1.000000" Y="0.000000" Z="0.000000" /> 
			</Position>
		</Text>
	</Equipment>
</PlantModel>